,accuraccy,f1_score,roc_auc_score
log_reg,0.7694392737010548,0.5102663706992231,0.8344757252885447
