,accuraccy,f1_score,roc_auc_score,norma
log_reg,0.769471931027726,0.5103017689906347,0.8344516637040644,2.1887995068213275
knn,0.7687534698409588,0.4524858888115673,0.7616806091314028,1.0999377275083841
random_forest,0.8627085986741125,0.5697912402783463,0.8656286696759332,1.09820792807898
tree,0.8315535090297508,0.47793522267206484,0.795060583352254,0.7522213926510504
